0.0128072,0.00313539,0.000146216,0.00028974,0.000152442,0.0118019,0.0028073,0.000141282,0.000230857,0.00015466
0.0128939,0.00348041,0.000143549,0.00026466,0.000148816,0.0118153,0.00306427,0.000137621,0.000222985,0.000150247
0.0122955,0.00282745,0.000140004,0.000307843,0.000166959,0.0125543,0.00371133,0.000208626,0.000307885,0.000241184
0.0123667,0.00313779,0.000143348,0.000248875,0,0.0126841,0.00386302,0.000203702,0.000279176,0
0.0253351,0.00307879,0.000147079,0.000277488,0.000151912,0.022731,0.00262539,0.00013089,0.000218872,0.000142052
0.0257026,0.00350579,0.000146189,0.000265136,0.000152973,0.022775,0.00287378,0.000122164,0.000212933,0.000136454
0.0241585,0.00272962,0.000133905,0.000301796,0.000160725,0.0241014,0.00366195,0.000206572,0.000302738,0.000234968
0.0246336,0.00308333,0.000136767,0.000248651,0,0.0243254,0.00387454,0.000205496,0.000278821,0
0.0412717,0.00313222,0.000152646,0.000275218,0.000159995,0.0371211,0.00269813,0.00013514,0.000220809,0.000150392
0.0409014,0.00359447,0.000152404,0.000270413,0.000159927,0.0377649,0.00316365,0.000139988,0.000231716,0.000153899
0.0394496,0.00262246,0.000134013,0.000272641,0.000160407,0.0392798,0.00371401,0.000210783,0.000306714,0.000235354
0.0397972,0.00304135,0.000133302,0.000246867,0,0.0385231,0.0038266,0.000203281,0.000275043,0
0.167345,0.00309515,0.000150642,0.000272893,0.000158392,0.153045,0.00251533,0.000121811,0.000214343,0.000136614
0.163626,0.00344905,0.000148851,0.000258125,0.000155602,0.15308,0.00302413,0.000135967,0.000219712,0.000150815
0.163805,0.00273212,0.000138637,0.000285173,0.000165318,0.153456,0.00370465,0.000208838,0.000305743,0.000240713
0.16724,0.00316293,0.000139051,0.000256315,0,0.155082,0.00390825,0.000207952,0.000280579,0
0.050225,0.0121565,0.000146483,0.000271982,0.000152302,0.0466418,0.0114024,0.00014566,0.000232575,0.000156938
0.0582342,0.015752,0.000154736,0.000304176,0.000162814,0.0471853,0.0119855,0.000129382,0.000221177,0.000143169
0.0524683,0.0140527,0.000146193,0.000502887,0.000174558,0.0552279,0.0185818,0.000267001,0.000364332,0.000307811
0.0503231,0.0129535,0.0001427,0.000262096,0,0.0535494,0.0184957,0.000256258,0.000321731,0
0.101075,0.0126532,0.000146354,0.000292266,0.000153758,0.092385,0.0108643,0.000135893,0.000225185,0.000147769
0.0980523,0.0132725,0.000139673,0.000251292,0.000144694,0.092351,0.0115654,0.000126782,0.000213311,0.000137827
0.0980205,0.0121343,0.000140624,0.000371034,0.000169422,0.0999051,0.0181872,0.000261671,0.000355784,0.000298414
0.0971451,0.0122708,0.000138189,0.000245275,0,0.100259,0.0186612,0.000258152,0.000325009,0
0.160543,0.0122192,0.000143534,0.000279913,0.000151265,0.148943,0.0107958,0.000136625,0.000222799,0.000147843
0.162803,0.0138915,0.000153771,0.000258572,0.000156465,0.149952,0.012029,0.000137282,0.000218402,0.000147788
0.157615,0.010926,0.000133513,0.000307402,0.000162014,0.158443,0.0182229,0.000263004,0.000354943,0.000298571
0.162043,0.0124561,0.000137575,0.000251678,0,0.158548,0.0185934,0.000257797,0.000323247,0
0.63808,0.0120437,0.000147757,0.00026332,0.000154164,0.610782,0.0109637,0.000137585,0.000225381,0.000151458
0.656011,0.0141587,0.00015005,0.000266241,0.000157306,0.605484,0.0122695,0.000134511,0.000225395,0.000147828
0.644891,0.0109778,0.000140737,0.000282347,0.00016802,0.619831,0.0183834,0.000265064,0.000358059,0.000302542
0.64823,0.0139762,0.000139705,0.00029705,0,0.615843,0.01855,0.000257185,0.000322502,0
0.101415,0.0242745,0.000146295,0.000269813,0.000152823,0.0929739,0.0219674,0.000137447,0.000226871,0.000150551
0.104215,0.0281045,0.000150561,0.000263486,0.000156656,0.0952297,0.0249152,0.00014097,0.000225975,0.000154265
0.107698,0.0324375,0.000160876,0.000608718,0.00019031,0.11004,0.0401946,0.000289221,0.000390583,0.000334406
0.106978,0.0307987,0.000144433,0.000336796,0,0.110428,0.0405671,0.000287349,0.000346511,0
0.199454,0.024479,0.00014728,0.000273366,0.000152594,0.181718,0.0213269,0.000131845,0.000222942,0.000144744
0.200326,0.0279963,0.000147521,0.000264147,0.000152961,0.185855,0.0244723,0.000135655,0.000223847,0.000148276
0.19991,0.0283324,0.000148621,0.00049848,0.000178412,0.200829,0.0397908,0.000288938,0.000376441,0.000333611
0.196814,0.0257139,0.000138181,0.000263599,0,0.201347,0.0404782,0.000286919,0.000345553,0
0.323648,0.0242227,0.000145651,0.000268325,0.000153593,0.301743,0.0231637,0.000148671,0.000233544,0.0001606
0.322848,0.0278157,0.000146847,0.000261876,0.000154043,0.302414,0.0251653,0.000143876,0.000227546,0.000156519
0.318052,0.0247486,0.000136849,0.000404524,0.000165474,0.322203,0.0418074,0.000302294,0.000396815,0.000356289
0.317234,0.0246992,0.000139324,0.000246601,0,0.31857,0.0407582,0.000289409,0.000347437,0
1.27571,0.0241094,0.00014479,0.000267663,0.000152381,1.21949,0.0235109,0.0001508,0.000235961,0.000164169
1.30968,0.0274435,0.000147205,0.000257458,0.00015334,1.20744,0.0236666,0.000132066,0.000215958,0.000145231
1.28065,0.021717,0.000137656,0.000284386,0.000165398,1.23353,0.0410145,0.000296919,0.000389125,0.0003483
1.29552,0.0247175,0.000136853,0.000249358,0,1.23786,0.04091,0.000291011,0.000348207,0
0.395902,0.0951368,0.000142959,0.000265679,0.000149071,0.375661,0.0945214,0.000151902,0.000238017,0.000164107
0.412011,0.110027,0.000145996,0.000258828,0.000151895,0.376187,0.0992905,0.000142763,0.000224713,0.000152656
0.47172,0.170432,0.000175042,0.000946153,0.000207168,0.503231,0.225066,0.000386765,0.000560063,0.000566973
0.513327,0.183774,0.000157311,0.000560553,0,0.496385,0.220405,0.000383744,0.000477213,0
0.833121,0.106509,0.000150909,0.000311694,0.000161315,0.746901,0.0972939,0.000156525,0.000242324,0.000171164
0.78972,0.108317,0.000141832,0.0002558,0.000148297,0.75009,0.102467,0.000147278,0.000231306,0.000159299
0.836503,0.149789,0.000168776,0.000769817,0.000200612,0.86919,0.22591,0.000390589,0.000553077,0.000571718
0.841427,0.163505,0.000150377,0.000488316,0,0.872081,0.222109,0.000387389,0.000480225,0
1.27174,0.0949223,0.000142441,0.000264866,0.000149136,1.2104,0.0933457,0.000150012,0.000235046,0.000162062
1.27096,0.107386,0.000141382,0.000253642,0.00014723,1.22768,0.098531,0.000138444,0.000224719,0.00015024
1.3142,0.142792,0.000162251,0.000726848,0.000193538,1.32838,0.225399,0.000387474,0.000560665,0.000567875
1.32717,0.155328,0.000144652,0.000462097,0,1.30878,0.215614,0.000376085,0.000466157,0
5.11071,0.0942459,0.000139933,0.000265412,0.000147018,4.83967,0.0979424,0.000159024,0.000243097,0.000171872
5.28023,0.138565,0.000151778,0.000345566,0.000165829,4.83121,0.0990301,0.000141008,0.000223918,0.000154792
5.18522,0.113445,0.000142071,0.0005229,0.000173094,4.94558,0.225705,0.000387408,0.000558099,0.00057879
5.15422,0.100142,0.000140248,0.000250929,0,4.95704,0.220153,0.000382239,0.000477735,0
0.780528,0.186632,0.000139777,0.000261412,0.000145986,0.747393,0.183984,0.000147151,0.000233884,0.000158259
0.841465,0.226055,0.000143972,0.000269511,0.000151229,0.772959,0.210628,0.000153843,0.000236463,0.0001652
1.04267,0.432168,0.000179522,0.00137783,0.000214149,1.11272,0.555277,0.00046145,0.000713246,0.000766336
1.00608,0.418683,0.000167285,0.000650456,0,1.07804,0.533656,0.000447714,0.000594582,0
1.58153,0.191961,0.00014206,0.000269497,0.000151009,1.53624,0.21168,0.000172414,0.000260844,0.00018703
1.6363,0.230491,0.000141204,0.000278344,0.000149436,1.49918,0.199239,0.00014241,0.000225833,0.000153071
1.74394,0.343792,0.0001801,0.000940984,0.00021318,1.84627,0.559735,0.000465906,0.000714664,0.000776123
1.7747,0.415329,0.0001615,0.000649688,0,1.80943,0.536817,0.000449269,0.000599202,0
2.53514,0.191018,0.000142352,0.000266854,0.000150586,2.40876,0.193614,0.000155706,0.000241815,0.000169831
2.59917,0.220509,0.000144847,0.000260165,0.000151441,2.44678,0.204333,0.000147397,0.000230617,0.000158531
2.66908,0.330623,0.000172602,0.000909574,0.00020351,2.76061,0.559678,0.000465715,0.000716078,0.000774066
2.76593,0.410339,0.000156173,0.000645273,0,2.71647,0.53387,0.000447594,0.000595121,0
10.2359,0.193298,0.000145789,0.000267746,0.000152868,9.66438,0.183484,0.000145651,0.000233102,0.000158869
10.2613,0.219098,0.000145672,0.000255784,0.000156738,9.70325,0.226228,0.000170153,0.000248939,0.000187651
10.4469,0.301541,0.000155185,0.000837927,0.000186796,9.99681,0.560188,0.000464167,0.000719781,0.00078413
10.4627,0.279926,0.000138887,0.000407844,0,9.96448,0.534095,0.000445053,0.000598102,0
1.58313,0.382379,0.000144892,0.000264567,0.000150604,1.5028,0.379142,0.000152791,0.000238332,0.000164222
1.61307,0.429764,0.000136827,0.00025652,0.000142988,1.52962,0.411614,0.000148586,0.000232206,0.000159814
2.37529,1.13626,0.000177471,0.00204688,0.000212687,2.4856,1.3613,0.000550752,0.000900994,0.000988749
2.21923,1.02008,0.00016651,0.00082966,0,2.42981,1.32018,0.000524443,0.000764794,0
3.23197,0.404652,0.00014698,0.000290372,0.00015531,2.94223,0.369223,0.000148224,0.000233336,0.000159245
3.1464,0.426725,0.000139284,0.000252684,0.000144799,2.95897,0.408317,0.000148609,0.000229726,0.000159308
3.59598,0.784309,0.000185754,0.00115493,0.000218847,3.93614,1.35569,0.000548727,0.000894823,0.000988852
3.8079,1.03475,0.000173913,0.000836585,0,3.83954,1.30131,0.000523463,0.000747354,0
5.04094,0.382147,0.000143259,0.000263793,0.000152751,4.83831,0.424003,0.000172845,0.000259094,0.000189185
5.20014,0.442902,0.000147163,0.000259302,0.000156477,4.83035,0.437489,0.00016351,0.000242297,0.000177859
5.65739,0.781556,0.000186808,0.00114497,0.000219599,5.74978,1.35823,0.000547396,0.000902868,0.000994193
5.79741,1.03582,0.000171024,0.000840518,0,5.67177,1.31155,0.000524168,0.000756643,0
20.6202,0.381153,0.000143155,0.000264971,0.00015034,19.2225,0.367063,0.000146668,0.000230836,0.000160279
20.9791,0.446688,0.000145586,0.000263943,0.000153609,19.4808,0.4145,0.000151005,0.000231882,0.000165624
21.7088,0.762127,0.00017444,0.00114468,0.000208186,20.2324,1.36726,0.000551782,0.000906648,0.00100189
21.3961,0.925918,0.000148499,0.000755717,0,20.1633,1.31585,0.000527845,0.000757169,0
0.00813377,0.00407172,1.35801e-05,0.00073793,1.41624e-05,0.00490807,0.00123499,9.07682e-05,4.49501e-05,9.57607e-05
0.00850882,0.00461051,1.26864e-05,0.000470113,1.26116e-05,0.00469426,0.00100618,8.86775e-05,4.2978e-05,9.74719e-05
0.00945772,0.00542436,1.43821e-05,0.00161283,1.49504e-05,0.00624568,0.00255648,0.000173101,0.000108218,0.000171612
0.0046252,0.000765363,1.49062e-05,8.07642e-05,0,0.00569515,0.00208792,0.000164623,9.63677e-05,0
0.0171593,0.000202519,1.09237e-05,1.64875e-05,1.05206e-05,0.017377,0.00112378,8.19993e-05,3.99726e-05,8.90889e-05
0.0174281,0.000197763,1.11802e-05,1.33944e-05,1.04079e-05,0.0170437,0.000815297,7.40411e-05,3.29067e-05,8.25006e-05
0.0171547,0.000274932,1.09701e-05,4.19519e-05,1.02346e-05,0.0186327,0.00244097,0.000164641,0.000104571,0.000165721
0.0173031,0.000209174,1.17569e-05,1.43898e-05,0,0.0183465,0.00204488,0.000159717,9.58932e-05,0
0.0330944,0.000186415,1.0771e-05,1.36179e-05,1.05755e-05,0.0330987,0.00117465,8.52438e-05,4.24943e-05,9.23527e-05
0.033959,0.000189609,1.10711e-05,1.25913e-05,1.03961e-05,0.0327147,0.00101355,8.99692e-05,4.36992e-05,9.57253e-05
0.0339634,0.000187851,1.12435e-05,1.415e-05,1.05561e-05,0.0345209,0.00244901,0.000164882,0.000104422,0.000165037
0.033071,0.000178448,1.09562e-05,1.13498e-05,0,0.0336031,0.0020149,0.000158761,9.31017e-05,0
0.162216,0.000190792,1.08014e-05,1.4849e-05,1.01811e-05,0.157952,0.00099646,7.20949e-05,3.28826e-05,8.12764e-05
0.164653,0.000177809,1.09512e-05,1.14253e-05,1.03349e-05,0.15747,0.000942802,8.41342e-05,3.92562e-05,9.24403e-05
0.161038,0.000198206,1.09722e-05,1.75881e-05,1.18406e-05,0.159057,0.00247788,0.000166957,0.000104833,0.000170527
0.167112,0.000183721,1.11582e-05,1.18069e-05,0,0.159056,0.00205476,0.000161249,9.55958e-05,0
0.0343809,0.0182988,1.29981e-05,0.000837626,1.30209e-05,0.019821,0.00531832,9.70211e-05,5.08553e-05,0.000101114
0.0328116,0.0175666,1.2376e-05,0.000448646,1.23692e-05,0.0185183,0.00365555,8.19489e-05,3.79631e-05,8.99631e-05
0.0481969,0.0328623,3.13594e-05,0.0024697,3.06782e-05,0.0281659,0.0137668,0.000227437,0.000161409,0.000234678
0.0228986,0.00807632,2.11191e-05,0.000231266,0,0.0259716,0.0117584,0.000219978,0.00014747,0
0.0695889,0.000777441,1.10305e-05,1.48931e-05,1.04958e-05,0.0701584,0.00472954,8.61216e-05,4.34149e-05,9.24184e-05
0.0711431,0.000751741,1.14825e-05,1.21314e-05,1.08645e-05,0.0676467,0.00330143,7.44295e-05,3.36382e-05,8.20393e-05
0.0717921,0.00386367,1.58257e-05,0.000240532,1.17511e-05,0.0789388,0.0136715,0.000226441,0.000159309,0.000232489
0.06837,0.000928227,1.17227e-05,1.72843e-05,0,0.0763445,0.0117106,0.000219787,0.000146167,0
0.139357,0.000722068,1.12656e-05,1.19218e-05,1.06697e-05,0.132173,0.00475887,8.61612e-05,4.3619e-05,9.26764e-05
0.136316,0.000732303,1.10064e-05,1.19347e-05,1.04078e-05,0.131339,0.00383888,8.53786e-05,4.09018e-05,9.1526e-05
0.135041,0.00182828,1.34052e-05,9.10579e-05,1.16654e-05,0.140893,0.0135159,0.000223287,0.00015852,0.000230169
0.13658,0.000822834,1.27784e-05,1.29352e-05,0,0.139805,0.0116702,0.000219274,0.000145417,0
0.669892,0.000712136,1.11449e-05,1.16428e-05,1.05981e-05,0.632858,0.00486226,8.81381e-05,4.46425e-05,9.48522e-05
0.648913,0.000729924,1.08416e-05,1.20106e-05,1.01491e-05,0.630855,0.00372257,8.28772e-05,3.90651e-05,9.08099e-05
0.668614,0.000734562,1.14878e-05,1.19082e-05,1.05517e-05,0.642461,0.0138356,0.000227853,0.000163827,0.000238022
0.664099,0.00074086,1.13769e-05,1.1775e-05,0,0.639518,0.011921,0.000223468,0.000149063,0
0.0795083,0.0435307,1.44635e-05,0.000991409,1.42794e-05,0.0399014,0.010205,9.3245e-05,4.75902e-05,9.83547e-05
0.0662925,0.0348569,1.34104e-05,0.000444683,1.34489e-05,0.0375263,0.00830951,9.12688e-05,4.53343e-05,9.74148e-05
0.0964747,0.0651962,5.51052e-05,0.00232735,5.1598e-05,0.0601456,0.0316639,0.000260081,0.000190238,0.000272738
0.0515203,0.0222159,4.26994e-05,0.000304424,0,0.0556064,0.0275545,0.000254695,0.000175845,0
0.134743,0.00143701,1.07112e-05,1.27734e-05,1.0185e-05,0.136859,0.00899567,8.20556e-05,4.06803e-05,8.82896e-05
0.142122,0.00156225,1.12444e-05,1.3053e-05,1.06083e-05,0.136487,0.00754889,8.40399e-05,4.02291e-05,9.04464e-05
0.150377,0.0145484,4.31934e-05,0.000399904,3.68842e-05,0.160119,0.031482,0.000258362,0.000189673,0.000271134
0.140915,0.00724595,1.39917e-05,9.9226e-05,0,0.155815,0.0276443,0.000256302,0.00017564,0
0.27317,0.00145694,1.10883e-05,1.25266e-05,1.05283e-05,0.264327,0.0107611,9.79379e-05,5.25524e-05,0.000101798
0.278235,0.00154983,1.13199e-05,1.28211e-05,1.07529e-05,0.263842,0.00845661,9.23137e-05,4.66003e-05,9.82822e-05
0.273577,0.00771316,1.57416e-05,0.000239382,1.27006e-05,0.285578,0.0315955,0.000258388,0.00019247,0.000275067
0.268363,0.00186281,1.23262e-05,1.67803e-05,0,0.280803,0.0272257,0.000252171,0.000173231,0
1.34282,0.00145045,1.125e-05,1.2034e-05,1.07057e-05,1.26611,0.0113109,0.000101619,5.6395e-05,0.000107223
1.31299,0.001527,1.08235e-05,1.28466e-05,1.03017e-05,1.26001,0.0073888,8.23039e-05,3.87284e-05,8.97799e-05
1.34505,0.00193074,1.32432e-05,2.31671e-05,1.1876e-05,1.30695,0.0324832,0.000264954,0.000198234,0.000286119
1.30981,0.00147412,1.12034e-05,1.18297e-05,0,1.30448,0.0280222,0.000259102,0.000178745,0
0.289877,0.160322,1.28466e-05,0.000915594,1.28987e-05,0.159375,0.0449272,0.000101724,5.58224e-05,0.000105601
0.295657,0.171094,1.26163e-05,0.000548282,1.27712e-05,0.147312,0.033576,9.15601e-05,4.65937e-05,9.66099e-05
0.493436,0.371492,8.45002e-05,0.00328185,8.4315e-05,0.298909,0.186226,0.000348484,0.000351962,0.000493512
0.265479,0.148844,7.17182e-05,0.000509705,0,0.278321,0.166525,0.000346573,0.000303918,0
0.551723,0.00586419,1.12001e-05,1.24659e-05,1.06921e-05,0.559304,0.046643,0.000104657,5.94228e-05,0.000109277
0.539982,0.00581563,1.0707e-05,1.19766e-05,1.01519e-05,0.54887,0.0353031,9.55208e-05,4.97924e-05,9.99779e-05
0.640146,0.102038,8.28449e-05,0.000665957,7.71649e-05,0.702812,0.188847,0.00035318,0.000357343,0.000502085
0.643902,0.096818,5.44961e-05,0.000323699,0,0.680389,0.164559,0.000345416,0.000297394,0
1.08821,0.005751,1.11028e-05,1.20297e-05,1.05673e-05,1.06375,0.0437164,9.86023e-05,5.38849e-05,0.000103562
1.09057,0.0059795,1.10752e-05,1.22527e-05,1.05709e-05,1.05666,0.031069,8.59259e-05,4.17013e-05,9.20194e-05
1.14463,0.0854166,6.53167e-05,0.00057209,6.13865e-05,1.21204,0.190605,0.000355024,0.000363849,0.000510725
1.14734,0.0822527,3.24469e-05,0.000288853,0,1.18724,0.165915,0.000347809,0.000300294,0
5.37881,0.00663791,1.25538e-05,1.44213e-05,1.19194e-05,5.06328,0.0481558,0.000107806,6.16767e-05,0.000112645
4.90164,0.00601114,1.13713e-05,1.2186e-05,1.07796e-05,4.59929,0.0302299,8.2571e-05,4.14357e-05,8.80736e-05
4.89735,0.0360979,1.42393e-05,0.000296514,1.06664e-05,4.73688,0.176721,0.000324448,0.000345736,0.000488475
4.88657,0.00670228,1.13651e-05,1.48157e-05,0,4.72854,0.155109,0.000318988,0.000286907,0
0.525777,0.282537,1.2166e-05,0.000806075,1.21724e-05,0.283881,0.0770455,8.72187e-05,4.67474e-05,9.16115e-05
0.576466,0.343529,1.15344e-05,0.000551308,1.16808e-05,0.273957,0.0684684,9.19297e-05,4.90558e-05,9.52446e-05
1.02256,0.798395,9.02854e-05,0.0035486,8.54764e-05,0.639918,0.434744,0.000376471,0.000479314,0.000651299
0.599549,0.384738,7.2343e-05,0.000679098,0,0.597548,0.394053,0.000371871,0.000397763,0
1.03386,0.0107669,1.04386e-05,1.1151e-05,9.95492e-06,1.0395,0.0975591,0.000107601,6.55614e-05,0.0001126
1.05505,0.0112438,1.04677e-05,1.15133e-05,9.89544e-06,1.00446,0.0606888,8.27815e-05,4.19439e-05,8.76477e-05
1.28253,0.262428,9.50919e-05,0.000903084,8.92195e-05,1.37378,0.43905,0.00038257,0.000478663,0.000653096
1.2598,0.266057,6.8139e-05,0.000451504,0,1.32504,0.392144,0.000372003,0.000393904,0
2.02583,0.0107815,1.03325e-05,1.14428e-05,9.8124e-06,1.95396,0.0874277,9.76362e-05,5.6054e-05,0.000102393
2.1288,0.0114534,1.07814e-05,1.16388e-05,1.02271e-05,1.98076,0.0653953,8.83666e-05,4.57728e-05,9.36059e-05
2.16413,0.209711,7.92348e-05,0.000710089,7.49754e-05,2.27703,0.4377,0.000379936,0.00048025,0.000654558
2.23092,0.253744,5.34279e-05,0.000442165,0,2.22279,0.389759,0.000366762,0.000394485,0
10.095,0.0109931,1.05484e-05,1.16513e-05,1.00078e-05,9.21333,0.077727,8.76919e-05,4.69589e-05,9.30287e-05
10.2883,0.0115034,1.06083e-05,1.1821e-05,1.00951e-05,9.18853,0.0846915,0.000107552,6.42348e-05,0.000113331
9.9939,0.155649,3.58837e-05,0.000620446,3.14608e-05,9.54684,0.444616,0.000383311,0.000493486,0.000673137
10.2195,0.110184,1.17439e-05,0.000203459,0,9.48247,0.401078,0.00037545,0.000407906,0
1.03262,0.546591,1.26689e-05,0.000774915,1.2666e-05,0.571365,0.162169,9.15766e-05,5.07975e-05,9.52038e-05
1.11319,0.64538,1.20975e-05,0.000517353,1.21189e-05,0.538224,0.1299,8.76265e-05,4.60444e-05,9.13252e-05
2.311,1.86689,9.30111e-05,0.00418809,9.00269e-05,1.49038,1.07252,0.000443416,0.000642531,0.000847015
1.46677,1.02927,7.58479e-05,0.000929295,0,1.43748,1.02066,0.000439422,0.000557312,0
2.12137,0.0221125,1.07217e-05,1.14545e-05,1.02145e-05,2.06763,0.162415,9.18763e-05,5.02314e-05,9.58334e-05
2.06543,0.0224467,1.02581e-05,1.15986e-05,9.75191e-06,2.00585,0.134271,8.99856e-05,4.7865e-05,9.41043e-05
2.71621,0.690125,0.000101194,0.0012825,9.55799e-05,2.94919,1.0827,0.000449021,0.000645859,0.000851863
2.70431,0.719336,8.27555e-05,0.00061972,0,2.86599,1.00155,0.000437228,0.000540853,0
3.99419,0.0214428,1.02218e-05,1.14487e-05,9.73924e-06,3.88964,0.202406,0.000110674,6.91547e-05,0.00011667
3.95922,0.0217815,1.00235e-05,1.11955e-05,9.56956e-06,3.86106,0.157298,0.000101189,5.87934e-05,0.000106374
4.50698,0.528718,9.08675e-05,0.000930089,8.63191e-05,4.76614,1.07785,0.000446287,0.000643889,0.000850778
4.69751,0.713929,7.30237e-05,0.000624173,0,4.65831,0.993572,0.000431152,0.000539134,0
19.8553,0.0217032,1.03157e-05,1.16729e-05,9.80481e-06,18.3218,0.15745,8.87485e-05,4.82708e-05,9.35729e-05
20.0452,0.0223923,1.03478e-05,1.15011e-05,9.82364e-06,18.3137,0.128798,8.69021e-05,4.5096e-05,9.20712e-05
20.3287,0.458977,6.07655e-05,0.000878213,5.68433e-05,19.2082,1.04697,0.000433728,0.000624554,0.000828772
20.3246,0.583075,2.94348e-05,0.000539974,0,19.1928,1.02611,0.000446694,0.000555372,0
0.012836,0.00319818,0.000149258,0.000298093,0.000152804,0.0119643,0.00282088,0.000141532,0.00023213,0.000155697
0.0127246,0.00345248,0.000146821,0.000259869,0.00015127,0.011579,0.00299635,0.000137421,0.000215818,0.00015081
0.0123029,0.00284053,0.000139297,0.000315442,0.000164595,0.0125138,0.00368489,0.000210019,0.000298397,0.000234008
0.0123205,0.00306698,0.000136768,0.000246605,0,0.01251,0.0038221,0.000203405,0.000274358,0
0.0247914,0.00301565,0.00014247,0.000274244,0.000147924,0.0224682,0.00260105,0.000130506,0.000215762,0.000140992
0.0248845,0.00341381,0.000142825,0.000258261,0.000148231,0.0226706,0.00283751,0.000123298,0.000209276,0.000134966
0.0240468,0.00271124,0.000131584,0.000305457,0.000157983,0.0237668,0.00364534,0.00020696,0.000297654,0.000232138
0.0248347,0.00309785,0.000135063,0.000252169,0,0.0240232,0.00379935,0.000203352,0.000271567,0
0.0400512,0.00301646,0.0001435,0.000273565,0.000149116,0.0370198,0.0026573,0.000134864,0.000218091,0.000145699
0.040609,0.00346624,0.000146736,0.000261291,0.000152858,0.0375859,0.00307921,0.000140943,0.00022275,0.00015341
0.0390974,0.00261687,0.000131993,0.000279376,0.00015797,0.0381295,0.00363409,0.00020712,0.00029735,0.00022962
0.0397795,0.00306358,0.000135234,0.000247714,0,0.0384418,0.00382028,0.000204543,0.000272992,0
0.162585,0.00301366,0.000146783,0.000266263,0.000153569,0.150263,0.00247888,0.000121266,0.000210875,0.000133768
0.162928,0.00351902,0.000148787,0.000266078,0.000153719,0.150541,0.00298166,0.000134393,0.000217021,0.000147157
0.163047,0.00277322,0.000142261,0.000283279,0.000169446,0.151881,0.00367921,0.000208053,0.000303553,0.000234831
0.163326,0.00315205,0.000142947,0.00025106,0,0.152304,0.00383397,0.000204933,0.000274313,0
0.0495716,0.0120946,0.000146156,0.000270525,0.000151172,0.0478211,0.0116959,0.00015062,0.000237118,0.000161188
0.0519752,0.0138877,0.000150336,0.000259777,0.000154903,0.0466896,0.0116468,0.000128969,0.000213983,0.000138704
0.0518772,0.014649,0.000150827,0.000530073,0.000181416,0.0529618,0.0180607,0.000260435,0.000351067,0.000298732
0.0571868,0.0149807,0.000148905,0.000319243,0,0.0531994,0.0184351,0.000256224,0.000319872,0
0.0983294,0.0121844,0.000147167,0.000270498,0.000152848,0.091261,0.0107397,0.000134959,0.00022157,0.000146485
0.107711,0.0156575,0.000152638,0.000303621,0.00016153,0.0917838,0.0115242,0.00012424,0.000213324,0.000137121
0.104591,0.0129895,0.000143864,0.000423895,0.000174612,0.0991534,0.0179334,0.000258867,0.000348558,0.000292841
0.0973469,0.012275,0.00013691,0.000246684,0,0.0993487,0.0186366,0.000259412,0.000322979,0
0.155724,0.0116899,0.000140419,0.000262905,0.00014638,0.146843,0.0106374,0.000134586,0.000219164,0.00014607
0.158408,0.013434,0.000144328,0.000252403,0.000148697,0.14863,0.0118203,0.000134576,0.000214726,0.000145215
0.157415,0.0111255,0.000134705,0.000317884,0.000164127,0.157446,0.0183633,0.000262187,0.000367329,0.000301757
0.157254,0.0120926,0.000131693,0.000246202,0,0.155393,0.0183796,0.000257158,0.000317203,0
0.638528,0.0120393,0.000146393,0.000266652,0.000152022,0.603263,0.0108226,0.000136903,0.000221137,0.000149753
0.639423,0.0134602,0.00014275,0.000253647,0.000147813,0.60193,0.0117294,0.000132203,0.000213486,0.000143667
0.632867,0.0110762,0.000143307,0.000279106,0.000171784,0.610329,0.0181959,0.000263222,0.000352246,0.000297696
0.655934,0.0141373,0.000146889,0.000294902,0,0.609133,0.0186097,0.000259147,0.000322407,0
0.102122,0.0249181,0.000151067,0.000276716,0.000156228,0.0914772,0.0219092,0.000139241,0.000224893,0.000149365
0.101187,0.0275615,0.000147349,0.000258888,0.000152446,0.0934147,0.0244061,0.000139512,0.000221119,0.000150403
0.107039,0.0321185,0.000163132,0.000587187,0.000192683,0.109197,0.0401041,0.000291087,0.000380151,0.00033515
0.104987,0.0311108,0.000140756,0.00034535,0,0.109447,0.0404092,0.000288582,0.000342811,0
0.204879,0.0251809,0.000152897,0.000278936,0.000157857,0.181037,0.0209999,0.000131551,0.000217614,0.000142716
0.195236,0.0273777,0.00014745,0.000256534,0.000151752,0.183798,0.0242587,0.000134462,0.000222133,0.000146268
0.197645,0.0272846,0.000139336,0.000494625,0.000169291,0.199554,0.0397458,0.000289231,0.000373341,0.000334216
0.197154,0.0265817,0.000138272,0.000277067,0,0.200629,0.040556,0.000288875,0.000344812,0
0.320626,0.0249787,0.000151761,0.00027429,0.000159236,0.295328,0.0228073,0.000147429,0.00022852,0.000158515
0.332718,0.0285874,0.000152676,0.000268267,0.000159178,0.299836,0.0247422,0.000143766,0.000222684,0.000154684
0.316879,0.0249673,0.000137694,0.000409849,0.000165974,0.315124,0.0403241,0.000293196,0.000380212,0.000337302
0.31563,0.024568,0.000137989,0.000245885,0,0.313619,0.0400195,0.000286156,0.000339148,0
1.34316,0.0256852,0.000156254,0.00028226,0.000163243,1.20188,0.0231304,0.000149145,0.000230883,0.00016199
1.29712,0.0273371,0.00014656,0.000256674,0.000152178,1.20067,0.02337,0.000131679,0.000213109,0.000142556
1.27462,0.0219791,0.000138956,0.00028944,0.00016669,1.24346,0.0410436,0.000298487,0.000387116,0.000343584
1.32349,0.0288707,0.000149816,0.00030129,0,1.24872,0.0412613,0.00029592,0.000348788,0
0.408813,0.0985062,0.000150002,0.000273366,0.000154084,0.381633,0.0956896,0.000156656,0.000237752,0.000166451
0.40674,0.108825,0.00014356,0.000256849,0.000148527,0.371608,0.0975284,0.000140774,0.000220209,0.000150955
0.478911,0.170745,0.000177039,0.000940871,0.000209907,0.512097,0.22659,0.000393515,0.000550467,0.00056879
0.467048,0.172403,0.000155313,0.000518137,0,0.487983,0.217891,0.00038126,0.000469877,0
0.797838,0.0973056,0.000145294,0.00027369,0.000151036,0.734633,0.0949332,0.000153687,0.000236569,0.000165924
0.786977,0.108604,0.000141934,0.000257006,0.000147376,0.73706,0.100429,0.000145215,0.000226271,0.00015656
0.824695,0.140699,0.00015018,0.00075539,0.000182061,0.85778,0.221701,0.000383268,0.000543556,0.000559798
0.822278,0.143583,0.000133402,0.000427469,0,0.846125,0.213918,0.000375056,0.000460562,0
1.28351,0.0975532,0.000146906,0.000271622,0.000153336,1.2007,0.0928378,0.000150047,0.000232427,0.000161664
1.31639,0.116371,0.000147454,0.000278521,0.000154406,1.21553,0.097587,0.00013793,0.000222139,0.00014926
1.30881,0.131993,0.000137082,0.000722134,0.000167988,1.32193,0.220408,0.000381523,0.000539549,0.000554396
1.28933,0.117371,0.000136979,0.000321501,0,1.34124,0.220082,0.000385498,0.000474196,0
5.10314,0.0970681,0.000146521,0.000269964,0.000152409,4.81578,0.0966937,0.000157979,0.000239212,0.000169481
5.1892,0.120537,0.00015141,0.000288724,0.000160338,4.81278,0.097433,0.000139844,0.000219904,0.000152385
5.20835,0.113535,0.000141009,0.000527769,0.000172522,4.95848,0.22571,0.000388475,0.000555162,0.00057733
5.1237,0.0988556,0.000139026,0.000247128,0,4.99932,0.219318,0.00038393,0.000472784,0
0.804816,0.196724,0.000148747,0.000273726,0.000154281,0.728304,0.17962,0.000144372,0.00022716,0.000154964
0.812919,0.220992,0.000142333,0.000262719,0.000148523,0.752208,0.205909,0.000152271,0.000230179,0.000162586
1.0288,0.42647,0.000170333,0.00138747,0.00020364,1.10545,0.554612,0.000462547,0.000707187,0.00076426
1.00292,0.414198,0.000155803,0.000653177,0,1.06664,0.5274,0.000440234,0.000589843,0
1.54923,0.1897,0.000141216,0.000266506,0.000148215,1.49652,0.20587,0.000168954,0.000252281,0.000182023
1.61136,0.220828,0.000147709,0.000260031,0.000150649,1.48051,0.196484,0.000143186,0.000221829,0.000150847
1.70244,0.32537,0.000159296,0.000934499,0.000191846,1.82117,0.545391,0.000452194,0.000701457,0.000758433
1.77767,0.398618,0.000132066,0.000646484,0,1.81498,0.531041,0.000445651,0.000591538,0
2.62382,0.212858,0.000153434,0.000307621,0.000162761,2.37944,0.193828,0.000157597,0.000239884,0.000170491
2.68154,0.252827,0.00015539,0.000305161,0.000163738,2.41591,0.201258,0.000147804,0.00022591,0.000157229
2.7713,0.317706,0.0001455,0.000953144,0.000180142,2.73182,0.543403,0.000447128,0.000710994,0.000755442
2.72009,0.338556,0.000136631,0.000524611,0,2.71468,0.527645,0.000439341,0.000591216,0
10.2915,0.194083,0.000147668,0.000266649,0.000154385,9.62528,0.179486,0.000143954,0.000226028,0.00015592
10.3615,0.220736,0.000145053,0.000259803,0.000153281,9.70184,0.224607,0.000170277,0.000247189,0.000184854
10.4757,0.288073,0.00014003,0.000832717,0.000171839,9.99186,0.54757,0.00045413,0.000703878,0.000762922
10.4119,0.216355,0.000142708,0.000279861,0,9.96921,0.537578,0.000450182,0.000599774,0
1.5778,0.384477,0.000145534,0.000266462,0.00015114,1.46729,0.37,0.000150145,0.000231272,0.000160538
1.62717,0.434098,0.00014166,0.000256954,0.000147431,1.5018,0.401173,0.000145865,0.000225688,0.000156592
2.38755,1.17422,0.000166709,0.00218289,0.000201454,2.45139,1.34399,0.000540293,0.000899176,0.000981071
2.19389,1.01402,0.000149546,0.000840706,0,2.38596,1.29514,0.000516458,0.000748329,0
3.10918,0.384252,0.000145587,0.000265877,0.000151329,2.9063,0.364483,0.000147193,0.000228494,0.000158175
3.14126,0.434363,0.00014439,0.000255634,0.000149483,2.97356,0.407767,0.000149508,0.000228895,0.000159553
3.58321,0.763861,0.0001653,0.00118574,0.000200526,3.8809,1.32117,0.000528781,0.000890347,0.000968916
3.86758,1.02093,0.000140625,0.00085638,0,3.8535,1.28297,0.000513752,0.000739144,0
5.1104,0.391874,0.000146609,0.000271373,0.00015607,4.79518,0.424166,0.000173339,0.000258461,0.000189562
5.23433,0.448995,0.000149501,0.000263364,0.00015683,4.83199,0.434059,0.000162657,0.000240584,0.000175478
5.38935,0.711043,0.000145518,0.00113813,0.000178065,5.68548,1.31177,0.000524081,0.000882484,0.000971321
5.52268,0.795493,0.000131295,0.000645553,0,5.66741,1.2827,0.000512399,0.000740237,0
21.0695,0.400778,0.000150812,0.00027856,0.000157849,19.2528,0.372905,0.000147963,0.000236004,0.000162376
20.8063,0.442492,0.00014615,0.000260473,0.000153199,19.2814,0.399233,0.000146014,0.000223805,0.000157565
20.8559,0.696351,0.000143644,0.00110803,0.000175901,20.1651,1.29958,0.000519629,0.000873172,0.000963463
20.7393,0.447547,0.000140809,0.000296248,0,20.1608,1.2995,0.00052193,0.000747111,0
0.00805792,0.00406927,1.29243e-05,0.000739206,1.30851e-05,0.0049696,0.00126975,9.11417e-05,4.73088e-05,9.95934e-05
0.0083574,0.00449749,1.29436e-05,0.00045829,1.26361e-05,0.00465401,0.00100091,8.73934e-05,4.37388e-05,9.47808e-05
0.00968457,0.00568082,1.42303e-05,0.00169191,1.57518e-05,0.00641056,0.00263507,0.000178247,0.000112994,0.000175122
0.00478294,0.000789057,1.48206e-05,8.38116e-05,0,0.00584878,0.00215322,0.000168441,0.000100711,0
0.0175166,0.000197869,1.07732e-05,1.52391e-05,1.10623e-05,0.0173178,0.0011329,8.23278e-05,4.14006e-05,8.90308e-05
0.0173569,0.000220718,1.08118e-05,1.57989e-05,1.07194e-05,0.0169996,0.000820158,7.31797e-05,3.37347e-05,8.23909e-05
0.0170711,0.00027343,1.27547e-05,3.51684e-05,1.05918e-05,0.0184366,0.00241185,0.000163097,0.000103095,0.000161234
0.0173117,0.000186772,1.09994e-05,1.2347e-05,0,0.0181646,0.00202744,0.000158772,9.46583e-05,0
0.0340509,0.000185263,1.0763e-05,1.30902e-05,1.08944e-05,0.0331,0.00118392,8.55052e-05,4.42895e-05,9.20393e-05
0.0340333,0.000197884,1.08961e-05,1.33647e-05,1.08508e-05,0.0328982,0.00103635,9.02248e-05,4.58606e-05,9.61146e-05
0.0331837,0.000190525,1.0735e-05,1.67968e-05,1.06029e-05,0.0343224,0.00243905,0.000164727,0.000104102,0.000160711
0.0339427,0.000183505,1.08248e-05,1.21132e-05,0,0.0344121,0.00209173,0.000163963,9.75038e-05,0
0.167023,0.000182481,1.09919e-05,1.23682e-05,1.08743e-05,0.157895,0.000988882,7.03144e-05,3.41016e-05,8.0451e-05
0.165888,0.000187766,1.08475e-05,1.23755e-05,1.07141e-05,0.157831,0.000953666,8.39279e-05,4.05428e-05,9.21938e-05
0.167224,0.00017694,1.07083e-05,1.23671e-05,1.08822e-05,0.159758,0.00247653,0.000167598,0.000104975,0.000165072
0.16732,0.000182973,1.06831e-05,1.21885e-05,0,0.159996,0.00208724,0.000163335,9.75699e-05,0
0.0343505,0.01848,1.2942e-05,0.000846266,1.29935e-05,0.0198804,0.00534702,9.61355e-05,5.28492e-05,0.000101379
0.0312207,0.0159109,1.25019e-05,0.000405504,1.24931e-05,0.0180918,0.00357852,7.81575e-05,3.80067e-05,8.75983e-05
0.0461087,0.0307496,5.41881e-05,0.00220951,5.47821e-05,0.0281946,0.0137088,0.000226734,0.000161056,0.000231252
0.0242085,0.00939492,6.21711e-05,0.00023142,0,0.0259394,0.0117475,0.000218501,0.000148609,0
0.0697235,0.000772723,1.07459e-05,1.46065e-05,1.08489e-05,0.0688905,0.00466305,8.38008e-05,4.41652e-05,9.08593e-05
0.0693176,0.000780949,1.06895e-05,1.31811e-05,1.08085e-05,0.067799,0.00333786,7.33403e-05,3.48793e-05,8.22718e-05
0.0718369,0.0037585,1.35452e-05,0.000240609,1.11267e-05,0.0779159,0.0135057,0.000223635,0.000158176,0.000228494
0.0683098,0.000927881,1.14896e-05,1.75068e-05,0,0.0767122,0.0116639,0.000218131,0.000146365,0
0.136403,0.000731047,1.08123e-05,1.24295e-05,1.10488e-05,0.13175,0.00477502,8.54927e-05,4.5231e-05,9.25216e-05
0.133147,0.00073568,1.0521e-05,1.21273e-05,1.05825e-05,0.131514,0.00390164,8.47101e-05,4.2257e-05,9.30407e-05
0.134484,0.00184504,1.16544e-05,9.91029e-05,1.06906e-05,0.140089,0.0134139,0.000221655,0.000157625,0.000227456
0.132845,0.000738379,1.0721e-05,1.23533e-05,0,0.138817,0.0116519,0.000218329,0.000145795,0
0.661404,0.000748784,1.06398e-05,1.36654e-05,1.08122e-05,0.631893,0.00486571,8.72726e-05,4.61585e-05,9.43769e-05
0.66874,0.000790516,1.0926e-05,1.32898e-05,1.0962e-05,0.631522,0.0037882,8.26884e-05,4.07161e-05,9.11727e-05
0.668839,0.000732609,1.1156e-05,1.27581e-05,1.08918e-05,0.642362,0.013833,0.000228229,0.000163305,0.000236011
0.654295,0.00073756,1.07229e-05,1.23258e-05,0,0.638937,0.0118875,0.000222407,0.000149078,0
0.0653557,0.0335374,1.29287e-05,0.000759903,1.31257e-05,0.0391863,0.00999686,8.98995e-05,4.83142e-05,9.60999e-05
0.0679068,0.0369227,1.24047e-05,0.000472192,1.25759e-05,0.0377133,0.00841042,9.07548e-05,4.67129e-05,9.77348e-05
0.101807,0.0719248,7.78618e-05,0.00249808,7.64153e-05,0.059298,0.0310155,0.000255027,0.000186432,0.00026507
0.0508813,0.021524,7.497e-05,0.000261342,0,0.0558123,0.0276876,0.000255415,0.000177205,0
0.139937,0.00153846,1.08296e-05,1.4146e-05,1.10696e-05,0.138013,0.00909,8.16962e-05,4.25405e-05,8.89945e-05
0.139445,0.00160722,1.07313e-05,1.37242e-05,1.08606e-05,0.13688,0.00764109,8.31516e-05,4.15461e-05,9.09781e-05
0.148873,0.0129189,3.56268e-05,0.000368361,2.54814e-05,0.160149,0.031378,0.000257993,0.000188337,0.000268267
0.142616,0.00762862,1.28219e-05,0.000106375,0,0.156452,0.027532,0.000255527,0.000174661,0
0.273123,0.00150713,1.08696e-05,1.3426e-05,1.10247e-05,0.265708,0.0109542,9.79491e-05,5.5153e-05,0.000103714
0.265951,0.00154187,1.05125e-05,1.3011e-05,1.06829e-05,0.262928,0.00848353,9.06851e-05,4.78456e-05,9.72272e-05
0.273769,0.007889,1.66417e-05,0.000243972,1.09344e-05,0.285753,0.031573,0.000259104,0.000190919,0.000271401
0.266466,0.00200114,1.12151e-05,2.00528e-05,0,0.282157,0.0275018,0.0002543,0.000175416,0
1.3085,0.0014707,1.05868e-05,1.30929e-05,1.07857e-05,1.26489,0.0112259,0.000100084,5.72095e-05,0.000105947
1.30829,0.00156307,1.05837e-05,1.32939e-05,1.06145e-05,1.25971,0.00745264,8.11357e-05,3.99103e-05,8.99161e-05
1.32878,0.00169228,1.14649e-05,2.06194e-05,1.07844e-05,1.31296,0.0324349,0.000265365,0.000196893,0.000282126
1.3101,0.00152621,1.10933e-05,1.27537e-05,0,1.29273,0.0279539,0.000259158,0.000177622,0
0.291397,0.161766,1.29625e-05,0.000923691,1.31635e-05,0.161185,0.0454398,0.000101745,5.79425e-05,0.000106468
0.289385,0.164946,1.23148e-05,0.000528466,1.25073e-05,0.148827,0.0341143,9.10576e-05,4.83228e-05,9.71815e-05
0.483532,0.359926,9.05885e-05,0.00314712,8.60162e-05,0.301024,0.18766,0.000350749,0.000356254,0.00049707
0.272423,0.156082,8.56705e-05,0.000524025,0,0.27526,0.163914,0.000343799,0.00029649,0
0.562074,0.00659843,1.21019e-05,1.41729e-05,1.23861e-05,0.560329,0.0469772,0.000104262,6.13057e-05,0.000109746
0.570651,0.00639212,1.10681e-05,1.33755e-05,1.12236e-05,0.550435,0.0358348,9.54394e-05,5.13239e-05,0.000100656
0.637603,0.0974441,6.86791e-05,0.000677573,6.32053e-05,0.701032,0.187379,0.000351534,0.000352711,0.000494188
0.626791,0.0890227,2.31536e-05,0.000324591,0,0.675841,0.164533,0.000346926,0.000295783,0
1.11495,0.00622833,1.11398e-05,1.39564e-05,1.14037e-05,1.08051,0.044486,9.92415e-05,5.61935e-05,0.000105126
1.10199,0.00627091,1.0831e-05,1.3103e-05,1.11158e-05,1.06361,0.0313654,8.48823e-05,4.28528e-05,9.25149e-05
1.13213,0.067985,2.25723e-05,0.000574542,1.4723e-05,1.2122,0.190215,0.000354633,0.00036302,0.000507485
1.12759,0.0491499,1.25921e-05,0.000179399,0,1.20811,0.168958,0.000354676,0.000305314,0
5.25802,0.00583195,1.06383e-05,1.2722e-05,1.08137e-05,5.0731,0.0485663,0.000107507,6.36758e-05,0.000113354
5.28853,0.00628081,1.07263e-05,1.32912e-05,1.07513e-05,5.0479,0.0335103,8.98142e-05,4.67116e-05,9.70199e-05
5.26843,0.0421638,1.50131e-05,0.00035279,1.08439e-05,5.23836,0.19489,0.000359804,0.00037779,0.00053173
5.38604,0.00711165,1.16867e-05,1.60932e-05,0,5.21172,0.169571,0.000353126,0.00030926,0
0.554114,0.293112,1.28841e-05,0.000835547,1.30602e-05,0.311612,0.0847316,9.50054e-05,5.32462e-05,9.98394e-05
0.621033,0.37373,1.21403e-05,0.000600028,1.23558e-05,0.302924,0.0759465,9.99722e-05,5.53415e-05,0.000104862
1.0899,0.844654,8.48891e-05,0.00379637,8.07556e-05,0.70012,0.472683,0.000414953,0.000511294,0.000688429
0.642917,0.409297,7.69978e-05,0.00072241,0,0.652689,0.428104,0.000410361,0.000425779,0
1.10974,0.0118789,1.0884e-05,1.28185e-05,1.11019e-05,1.13298,0.106948,0.000116895,7.33312e-05,0.00012304
1.11559,0.0124356,1.07656e-05,1.30059e-05,1.09413e-05,1.10704,0.0673534,9.02254e-05,4.7315e-05,9.66283e-05
1.35231,0.262358,7.89361e-05,0.00096784,7.19407e-05,1.5113,0.47336,0.00041642,0.000508496,0.000691566
1.34292,0.26793,3.97031e-05,0.000483598,0,1.45513,0.425467,0.00040732,0.00042367,0
2.23466,0.0122607,1.10643e-05,1.34811e-05,1.13781e-05,2.16209,0.0976617,0.000108015,6.3833e-05,0.000114215
2.12963,0.0121181,1.04883e-05,1.26837e-05,1.06326e-05,2.10862,0.0703486,9.3602e-05,5.01128e-05,9.95366e-05
2.30856,0.182464,3.35825e-05,0.000760246,2.84171e-05,2.50428,0.471288,0.00041311,0.000509244,0.000692349
2.38077,0.199678,1.30182e-05,0.000376978,0,2.48377,0.429805,0.000412804,0.000426661,0
10.5475,0.0123026,1.06775e-05,1.44867e-05,1.08816e-05,10.1072,0.084296,9.42227e-05,5.21538e-05,0.000100547
10.4788,0.0120409,1.05804e-05,1.25238e-05,1.06403e-05,10.1429,0.0955775,0.00011937,7.38428e-05,0.000125848
10.716,0.145359,1.54682e-05,0.000651921,1.12415e-05,10.5442,0.486471,0.00042553,0.000527647,0.00071797
10.5445,0.0297838,1.1684e-05,4.64875e-05,0,10.4951,0.44053,0.000420683,0.000439727,0
1.09703,0.570713,1.40927e-05,0.000807169,1.43054e-05,0.631668,0.179793,0.000100638,5.75836e-05,0.000105174
1.22516,0.725929,1.19641e-05,0.000582936,1.22394e-05,0.596893,0.144803,9.5688e-05,5.21943e-05,0.000101192
2.49436,2.00572,8.06129e-05,0.00457637,7.82624e-05,1.63136,1.16422,0.000489811,0.000680752,0.000893535
1.55747,1.09052,7.00838e-05,0.000994875,0,1.54041,1.08839,0.000480562,0.000582322,0
2.28761,0.0243402,1.12485e-05,1.29569e-05,1.14482e-05,2.25033,0.175974,9.81462e-05,5.60918e-05,0.000103567
2.33134,0.0258909,1.12496e-05,1.35161e-05,1.14188e-05,2.21597,0.149651,9.82328e-05,5.42563e-05,0.000104224
2.93965,0.746283,8.16305e-05,0.00149824,7.50855e-05,3.22485,1.16521,0.000489122,0.000683107,0.000899567
2.87945,0.728268,4.42859e-05,0.000666913,0,3.16842,1.11415,0.000502344,0.000585695,0
4.33521,0.0241718,1.10444e-05,1.31093e-05,1.12546e-05,4.30263,0.225718,0.000121878,7.90062e-05,0.000129764
4.40068,0.026497,1.1504e-05,1.38263e-05,1.1712e-05,4.24709,0.175072,0.000111073,6.6306e-05,0.00011734
4.73407,0.482733,4.5158e-05,0.00100074,4.05705e-05,5.23188,1.16925,0.000489002,0.000688825,0.000908188
4.84469,0.613071,1.27801e-05,0.000585921,0,5.15482,1.08142,0.000479442,0.000576627,0
21.0752,0.0241334,1.07415e-05,1.36699e-05,1.09435e-05,20.2383,0.175094,9.75509e-05,5.50789e-05,0.000103806
21.6486,0.025236,1.09836e-05,1.32026e-05,1.1029e-05,20.2522,0.143942,9.56029e-05,5.11273e-05,0.000102237
21.7419,0.414297,1.67169e-05,0.000945623,1.18627e-05,21.2652,1.18389,0.000495029,0.000698113,0.000921186
21.2534,0.0796124,1.15587e-05,6.61879e-05,0,21.1489,1.09879,0.000485522,0.000587519,0
0.0127072,0.00320239,0.000148429,0.000297777,0.000154774,0.011556,0.00277076,0.000139005,0.000228218,0.000152728
0.0125723,0.0034242,0.000142873,0.000259486,0.000147492,0.0118117,0.00306139,0.000137454,0.000222436,0.000151181
0.0122818,0.00283067,0.000138125,0.000316149,0.000165204,0.0124759,0.00369031,0.000207918,0.000305926,0.000236869
0.0141919,0.00351755,0.000143307,0.000296386,0,0.0126231,0.00386085,0.000204903,0.000277703,0
0.0244386,0.00301729,0.000139807,0.000278754,0.00014635,0.0234074,0.00271544,0.000134418,0.000226562,0.000147714
0.0244985,0.00345504,0.00014246,0.000262548,0.000148585,0.0231055,0.00290847,0.000125174,0.000214475,0.000139676
0.0240401,0.00271003,0.000131662,0.000304263,0.000159127,0.023925,0.00365919,0.000206575,0.000302222,0.000234263
0.0243634,0.00302555,0.00013233,0.000245863,0,0.0249032,0.00397011,0.000212014,0.000284249,0
0.0393966,0.0029466,0.000139417,0.000267729,0.000145932,0.0368634,0.00266858,0.000132871,0.000221034,0.0001469
0.0406457,0.00351813,0.000144575,0.000267926,0.00015135,0.0381845,0.00315055,0.000143263,0.000228317,0.000156708
0.0392105,0.00266475,0.000133565,0.000287005,0.000161796,0.0383402,0.00368552,0.000209549,0.000302947,0.000233629
0.0393115,0.00301047,0.000130364,0.000245944,0,0.0388662,0.00386314,0.000205633,0.000277259,0
0.163164,0.00305426,0.000148455,0.000269715,0.000156077,0.151525,0.00250631,0.000122076,0.000213002,0.000135983
0.15991,0.00356961,0.000153486,0.00026803,0.000158955,0.150671,0.00316714,0.000143012,0.000229623,0.000158762
0.159139,0.00273146,0.000137548,0.000288315,0.000166173,0.152899,0.00373483,0.000210399,0.000311511,0.00023723
0.159428,0.00308939,0.000139772,0.000246402,0,0.154153,0.00389555,0.000208013,0.00027893,0
0.050742,0.0124954,0.000149937,0.000280349,0.000156404,0.0471551,0.0115148,0.000146734,0.000235651,0.000158074
0.0504635,0.0136438,0.000142263,0.000258651,0.00014728,0.046537,0.0118247,0.000128499,0.000217463,0.000142639
0.0518964,0.0142025,0.000147181,0.000508901,0.000179127,0.0528578,0.018008,0.000259288,0.000352147,0.000296433
0.0508049,0.0135519,0.000142977,0.00028052,0,0.0530436,0.018458,0.000254878,0.000321936,0
0.0972984,0.0119654,0.000142802,0.000268805,0.000148627,0.0914881,0.010717,0.000133576,0.000221934,0.000146439
0.100755,0.0137922,0.000146206,0.000259371,0.000154529,0.0918969,0.0115369,0.000124479,0.000212772,0.000139513
0.0975159,0.0120133,0.000137524,0.000373569,0.000167142,0.0983508,0.0179585,0.000258554,0.000350762,0.000294545
0.0972413,0.012227,0.000131328,0.000250765,0,0.099916,0.0188251,0.000259742,0.000328542,0
0.157283,0.0117731,0.000140851,0.000266487,0.000146308,0.147953,0.0109495,0.000140365,0.000224454,0.000149628
0.158474,0.0134697,0.000141203,0.000254964,0.000146961,0.149097,0.0119841,0.000135093,0.000217241,0.000149955
0.157223,0.0110063,0.000133562,0.00031323,0.000162725,0.156843,0.018128,0.000261632,0.000353658,0.000295921
0.157448,0.0122199,0.000134393,0.000247481,0,0.15781,0.0186493,0.00025844,0.000324351,0
0.640197,0.0121889,0.000145138,0.000273558,0.000153425,0.601755,0.0109769,0.000138748,0.000224057,0.000152228
0.639527,0.0135997,0.000143719,0.000256342,0.000149657,0.603265,0.011865,0.000132707,0.000215947,0.000146379
0.638342,0.0107816,0.00013618,0.000284498,0.000165077,0.610262,0.0183569,0.000264797,0.000356261,0.000303829
0.640276,0.012371,0.000139036,0.000247558,0,0.609856,0.0185344,0.000256996,0.000322204,0
0.0984449,0.0241208,0.000145274,0.000268248,0.000151806,0.0926159,0.02215,0.00013956,0.000228125,0.000151461
0.100602,0.0274065,0.000144383,0.000258239,0.000151309,0.0934686,0.0244634,0.000138658,0.000221727,0.000151675
0.10704,0.031856,0.000161216,0.000583303,0.000193353,0.109294,0.0400685,0.000291092,0.000377655,0.000337323
0.107022,0.0333934,0.000143925,0.000377848,0,0.108783,0.0402311,0.000285368,0.000343242,0
0.195632,0.0239683,0.000143168,0.000269343,0.00014876,0.181758,0.0211438,0.000132262,0.000219131,0.000143862
0.20153,0.0279779,0.000148989,0.000262843,0.000154708,0.18463,0.0239711,0.000134429,0.000218389,0.000146321
0.200945,0.0283084,0.000146219,0.000507381,0.000175629,0.203062,0.0414308,0.000301423,0.000391179,0.000344886
0.196933,0.026969,0.000136966,0.000284424,0,0.20034,0.0406183,0.000288624,0.000346036,0
0.331709,0.0267356,0.000149876,0.000315559,0.000160979,0.297272,0.0230778,0.00014817,0.000231992,0.000160641
0.315882,0.0274833,0.000142503,0.000260533,0.000149426,0.30007,0.0250623,0.000142462,0.000227244,0.000154816
0.333919,0.0272467,0.000144345,0.000470138,0.000176713,0.314917,0.0401984,0.000292359,0.000380239,0.000333273
0.315128,0.0244865,0.000136268,0.000246333,0,0.314501,0.0405334,0.000288523,0.000344811,0
1.28024,0.0244187,0.000148291,0.000268491,0.000155305,1.20442,0.0234381,0.000150287,0.000234645,0.0001643
1.26848,0.0272579,0.000143875,0.000257418,0.000149564,1.20239,0.0236283,0.000132652,0.000215111,0.000145675
1.32269,0.0246046,0.000150552,0.000343613,0.000182608,1.23608,0.0409537,0.00029692,0.000389033,0.000343726
1.31914,0.0327925,0.00015931,0.000353073,0,1.24241,0.0415583,0.000295153,0.000354196,0
0.393476,0.0950359,0.000141314,0.000268382,0.000147432,0.370192,0.0930443,0.000150111,0.000234069,0.000161186
0.408363,0.113043,0.00013941,0.000272335,0.000147378,0.381699,0.104677,0.000142599,0.000241578,0.00015482
0.469226,0.169651,0.000170322,0.000957178,0.000202819,0.50042,0.224477,0.000386928,0.000553989,0.00056652
0.472208,0.172656,0.000155376,0.000519061,0,0.495551,0.220744,0.000383733,0.000478549,0
0.779057,0.0953157,0.000141284,0.000269499,0.000147577,0.734504,0.0958372,0.000155061,0.000239054,0.000167361
0.789583,0.108858,0.000141527,0.000257945,0.000147448,0.738432,0.100737,0.000146338,0.000226774,0.000156935
0.825014,0.140619,0.00014913,0.000758282,0.000182051,0.860482,0.223387,0.000385917,0.000547864,0.000565578
0.827053,0.14478,0.000135085,0.000430463,0,0.845612,0.213885,0.000375033,0.000460455,0
1.28442,0.101088,0.000152326,0.000280919,0.000159337,1.21655,0.0952577,0.000151866,0.000240959,0.000165505
1.27275,0.109358,0.000141613,0.000259773,0.000147905,1.20796,0.097726,0.000138768,0.000221653,0.000151223
1.30658,0.131928,0.000137654,0.000717872,0.000171315,1.35555,0.227364,0.000393472,0.000556357,0.00057299
1.2877,0.116568,0.000138576,0.000316768,0,1.33384,0.219313,0.000384012,0.000472678,0
5.17203,0.101364,0.000148922,0.000285652,0.000159517,4.82646,0.0976769,0.00015727,0.000241305,0.000173872
5.11189,0.108944,0.00014168,0.000257844,0.000149373,4.84052,0.0986855,0.000141161,0.000222849,0.000154472
5.17441,0.113259,0.000140455,0.000527226,0.000172087,4.97732,0.229094,0.000394274,0.000563438,0.000586263
5.21765,0.101452,0.000140689,0.000255606,0,4.98564,0.219548,0.000382468,0.00047514,0
0.79791,0.194732,0.000144281,0.000275998,0.000150659,0.735803,0.181191,0.000144448,0.00022957,0.000157084
0.862005,0.235071,0.000147367,0.000281734,0.000155187,0.753383,0.204926,0.000150444,0.000229734,0.000160945
1.04469,0.437693,0.000171032,0.00143878,0.000205994,1.10845,0.555583,0.000458961,0.00072205,0.000769176
1.00689,0.414347,0.000156277,0.000652995,0,1.07267,0.529701,0.000440922,0.00059365,0
1.57868,0.195189,0.000142207,0.000279125,0.000150705,1.51552,0.20931,0.000171002,0.000257271,0.000185068
1.6476,0.23478,0.000140928,0.000285622,0.000148832,1.4894,0.199338,0.000141908,0.000226426,0.000152283
1.7593,0.323655,0.000155767,0.000938648,0.000191494,1.84285,0.552767,0.000459571,0.000708001,0.000765735
1.76103,0.393792,0.000131005,0.000638119,0,1.82308,0.530704,0.00044199,0.000594542,0
2.63737,0.217147,0.000155244,0.000315129,0.000166018,2.43831,0.197575,0.0001597,0.000245365,0.00017389
2.68605,0.252975,0.000150349,0.00030826,0.000160207,2.42158,0.203215,0.000146949,0.00022874,0.000159155
2.65557,0.302892,0.000139477,0.000906082,0.00017165,2.7485,0.547595,0.000453637,0.00070568,0.000761419
2.68083,0.29887,0.000135468,0.000448263,0,2.73655,0.533036,0.000446214,0.000594871,0
10.3129,0.194196,0.000144853,0.000272199,0.000151987,9.62526,0.181691,0.000144629,0.000229136,0.0001586
10.5731,0.228486,0.000151217,0.000268005,0.000160351,9.66621,0.225954,0.000170775,0.000248706,0.00018638
10.4092,0.28594,0.000139161,0.000825401,0.000171682,10.0232,0.546257,0.0004517,0.000705379,0.000764134
10.5071,0.217306,0.000143369,0.000281057,0,9.98069,0.540522,0.000450919,0.000604787,0
1.57441,0.381265,0.000142861,0.000267041,0.000148527,1.47447,0.371746,0.000149725,0.00023386,0.000160926
1.63287,0.438081,0.000141583,0.00026012,0.000147738,1.5102,0.403518,0.00014638,0.000227193,0.000157289
2.39643,1.17734,0.000166908,0.002189,0.000203041,2.44039,1.33256,0.000533802,0.000895736,0.000977565
2.24206,1.03415,0.000151592,0.000858321,0,2.37338,1.28696,0.000510884,0.000745917,0
3.13705,0.381414,0.000141818,0.000268994,0.000147819,2.95717,0.371581,0.000148877,0.000234648,0.000160732
3.41675,0.499845,0.000150139,0.000303759,0.000159348,2.9873,0.412946,0.000150538,0.000231922,0.000162094
3.49037,0.748944,0.000158909,0.00117578,0.000192334,3.90099,1.33232,0.000534862,0.000891902,0.000977667
3.78105,1.01046,0.0001392,0.000847575,0,3.84086,1.28498,0.000510054,0.000744811,0
5.07424,0.387033,0.000141318,0.000274334,0.00015131,4.81484,0.424046,0.000172669,0.000258247,0.000190272
5.12446,0.441459,0.000143255,0.000261002,0.000151771,4.81334,0.436371,0.000162563,0.000242138,0.000176559
5.44868,0.71659,0.000146559,0.0011472,0.000179711,5.69121,1.30527,0.000520851,0.000880531,0.000966106
5.45114,0.769898,0.000130675,0.000621178,0,5.66377,1.28303,0.000509278,0.000743677,0
20.7843,0.3971,0.000147982,0.000278314,0.00015554,19.2705,0.37059,0.000148518,0.000232097,0.000162333
20.6176,0.455455,0.000143817,0.000271561,0.000153969,19.995,0.41979,0.000152082,0.000234881,0.00016847
20.9865,0.706726,0.000147618,0.00111729,0.000180189,20.2046,1.31281,0.000526226,0.000879345,0.000969515
20.7217,0.43682,0.000139645,0.000286937,0,20.1459,1.28678,0.000510377,0.000746247,0
0.00832941,0.00423471,1.57595e-05,0.000765387,1.51494e-05,0.00500823,0.00126183,9.07624e-05,4.70332e-05,9.87577e-05
0.00852302,0.00465254,1.28297e-05,0.00047454,1.2267e-05,0.00468001,0.000997846,8.65258e-05,4.34142e-05,9.56866e-05
0.00962246,0.00563516,1.46317e-05,0.00167691,1.4817e-05,0.00624178,0.00254477,0.000172088,0.00010895,0.000169844
0.0048569,0.000919595,1.40598e-05,0.00010089,0,0.00573242,0.00209479,0.000163462,9.83865e-05,0
0.0174149,0.000240981,1.06106e-05,2.33102e-05,1.1187e-05,0.0175952,0.00113761,8.11388e-05,4.14764e-05,9.10548e-05
0.0173899,0.000253297,1.06285e-05,1.9236e-05,1.07422e-05,0.017146,0.000824154,7.34358e-05,3.39061e-05,8.28732e-05
0.0171984,0.000316914,1.11261e-05,5.41549e-05,1.0633e-05,0.0186803,0.0024468,0.000165269,0.000104484,0.000165144
0.0171325,0.000200425,1.07754e-05,1.42777e-05,0,0.0181201,0.00201883,0.000156899,9.54547e-05,0
0.0341875,0.000193696,1.07679e-05,1.46485e-05,1.09194e-05,0.0330134,0.00116422,8.34587e-05,4.33144e-05,9.13778e-05
0.0349311,0.0002586,1.09423e-05,1.96044e-05,1.10702e-05,0.0331309,0.00103913,9.04861e-05,4.55517e-05,9.76752e-05
0.0346848,0.000198284,1.09719e-05,1.81792e-05,1.1068e-05,0.0349232,0.00247751,0.000166755,0.000105825,0.000166909
0.0347611,0.000201089,1.10297e-05,1.41064e-05,0,0.0339711,0.00204046,0.000158649,9.64096e-05,0
0.170893,0.000196553,1.08856e-05,1.48992e-05,1.11212e-05,0.157904,0.000996537,7.0642e-05,3.37619e-05,8.18825e-05
0.170907,0.000211507,1.10355e-05,1.4666e-05,1.10937e-05,0.158157,0.000968185,8.40167e-05,4.13516e-05,9.42452e-05
0.168733,0.000185995,1.08195e-05,1.47244e-05,1.10361e-05,0.159539,0.00248623,0.00016716,0.000106187,0.000171581
0.165978,0.000194391,1.05529e-05,1.3746e-05,0,0.159041,0.00207797,0.000162195,9.75503e-05,0
0.035437,0.0190807,1.3044e-05,0.00087431,1.3207e-05,0.0200325,0.00535726,9.59183e-05,5.29182e-05,0.000102014
0.0338463,0.0185058,1.23913e-05,0.00047317,1.20601e-05,0.0181791,0.00358393,7.84375e-05,3.79797e-05,8.78231e-05
0.0478195,0.0326993,5.91809e-05,0.0023436,5.91966e-05,0.0286737,0.013944,0.000231032,0.000162831,0.000234315
0.0237451,0.0088474,5.87969e-05,0.000217685,0,0.0255243,0.0115293,0.000214433,0.000145858,0
0.0701749,0.000831096,1.05649e-05,1.74446e-05,1.09131e-05,0.0696564,0.00468708,8.38816e-05,4.40749e-05,9.20008e-05
0.0722369,0.000944862,1.22015e-05,1.64235e-05,1.23958e-05,0.0674676,0.00333012,7.37095e-05,3.46904e-05,8.18624e-05
0.0723962,0.00511996,2.80313e-05,0.000288956,2.57421e-05,0.0780188,0.0135351,0.000224153,0.000158517,0.000228792
0.0693343,0.00184722,1.16482e-05,4.60775e-05,0,0.0771273,0.0118759,0.000221805,0.000149318,0
0.139057,0.0007924,1.0865e-05,1.5198e-05,1.11422e-05,0.131647,0.00474404,8.46024e-05,4.47642e-05,9.24312e-05
0.145051,0.00100967,1.31068e-05,1.75176e-05,1.32495e-05,0.131617,0.00386773,8.36927e-05,4.2036e-05,9.20774e-05
0.135762,0.00166294,1.19306e-05,8.36588e-05,1.07992e-05,0.141987,0.0135983,0.000224461,0.000159927,0.000232013
0.13682,0.00081804,1.11507e-05,1.44131e-05,0,0.139285,0.0117155,0.000218966,0.000147141,0
0.679624,0.000796294,1.09805e-05,1.50874e-05,1.12828e-05,0.633608,0.00489568,8.76544e-05,4.59789e-05,9.55742e-05
0.67019,0.000846604,1.08281e-05,1.48055e-05,1.08933e-05,0.63053,0.00377292,8.22474e-05,4.04428e-05,9.12415e-05
0.677998,0.000797898,1.16111e-05,1.61883e-05,1.11008e-05,0.642743,0.0138816,0.000228763,0.000164178,0.000238117
0.674993,0.000823921,1.12177e-05,1.45298e-05,0,0.639069,0.0119961,0.000224256,0.000150622,0
0.0674361,0.0346743,1.33035e-05,0.000786012,1.32867e-05,0.0398879,0.0101345,9.08449e-05,4.87527e-05,9.79417e-05
0.0717917,0.040506,1.21029e-05,0.000519099,1.20532e-05,0.0389209,0.00866588,9.30669e-05,4.82709e-05,0.000100731
0.104749,0.0737102,8.00946e-05,0.00255926,7.78841e-05,0.0624167,0.0326729,0.000268659,0.000195981,0.000280037
0.05465,0.0246831,8.54214e-05,0.000300252,0,0.0579734,0.0288304,0.00026432,0.000186156,0
0.140146,0.00161853,1.06372e-05,1.61804e-05,1.10962e-05,0.142353,0.00934073,8.35569e-05,4.34968e-05,9.20625e-05
0.143051,0.00177177,1.08054e-05,1.57783e-05,1.10406e-05,0.140171,0.00778193,8.4555e-05,4.23142e-05,9.27778e-05
0.15272,0.0133963,3.68043e-05,0.000380122,3.10672e-05,0.165191,0.032487,0.000266194,0.000196734,0.000280692
0.148405,0.010163,1.32378e-05,0.000145559,0,0.159752,0.0280928,0.000260097,0.000178853,0
0.290909,0.00168402,1.1359e-05,1.64502e-05,1.16536e-05,0.274545,0.011212,9.9663e-05,5.64062e-05,0.000106794
0.289868,0.00183242,1.13602e-05,1.62078e-05,1.15935e-05,0.271872,0.00875127,9.40044e-05,4.89473e-05,0.000101066
0.282623,0.00882846,1.53457e-05,0.000284893,1.1389e-05,0.295415,0.0323982,0.000265134,0.000197702,0.000280094
0.276861,0.00229468,1.21851e-05,2.36692e-05,0,0.291236,0.0284848,0.000262494,0.00018258,0
1.36419,0.00169001,1.10495e-05,1.71718e-05,1.13767e-05,1.30342,0.0114806,0.000102176,5.79403e-05,0.000109105
1.32888,0.00168094,1.07202e-05,1.4674e-05,1.0952e-05,1.29919,0.00766008,8.30921e-05,4.12093e-05,9.21602e-05
1.36308,0.0017936,1.20962e-05,2.22032e-05,1.11197e-05,1.34046,0.0334965,0.000273012,0.00020515,0.000295037
1.34061,0.00173668,1.18316e-05,1.5304e-05,0,1.31993,0.0282443,0.000260699,0.000180618,0
0.296364,0.16365,1.26662e-05,0.000935484,1.27266e-05,0.163271,0.0459532,0.00010262,5.84547e-05,0.000108088
0.307355,0.182738,1.23329e-05,0.000586429,1.22771e-05,0.151114,0.0345378,9.17628e-05,4.89842e-05,9.86294e-05
0.517965,0.394318,9.00791e-05,0.00348297,8.78786e-05,0.310255,0.192615,0.000361139,0.00036298,0.000507679
0.274129,0.154634,8.64713e-05,0.000517568,0,0.286282,0.170469,0.000357501,0.000308392,0
0.571238,0.00659544,1.11701e-05,1.59653e-05,1.15051e-05,0.577995,0.0481943,0.000106764,6.27366e-05,0.000112947
0.577308,0.00702511,1.09551e-05,1.54633e-05,1.12498e-05,0.568291,0.0368346,9.73312e-05,5.28985e-05,0.000103809
0.653909,0.100175,7.05471e-05,0.000696919,6.46483e-05,0.72194,0.192401,0.000360314,0.000363708,0.000508853
0.642511,0.0915646,2.40373e-05,0.000333638,0,0.696922,0.169398,0.000356071,0.000305639,0
1.12482,0.00647179,1.10357e-05,1.55184e-05,1.1376e-05,1.1078,0.0454977,0.000101131,5.72896e-05,0.000108066
1.13667,0.00708413,1.10708e-05,1.56033e-05,1.13342e-05,1.10769,0.0326946,8.78529e-05,4.48493e-05,9.65248e-05
1.23454,0.077625,3.38567e-05,0.000621408,2.99202e-05,1.25585,0.195853,0.000366746,0.000370497,0.000517908
1.12426,0.0489181,1.25741e-05,0.000178512,0,1.21461,0.16995,0.000355498,0.000308367,0
5.61163,0.00652709,1.12795e-05,1.54039e-05,1.1566e-05,5.25534,0.0502376,0.00011094,6.56079e-05,0.000117783
5.3689,0.00682144,1.07953e-05,1.49817e-05,1.09001e-05,5.21281,0.0347939,9.29188e-05,4.8414e-05,0.000101332
5.42294,0.0390909,1.45423e-05,0.000324378,1.11102e-05,5.39823,0.20099,0.000372041,0.000388455,0.000543907
5.43009,0.00784849,1.21878e-05,1.84704e-05,0,5.36139,0.174261,0.000363181,0.000317525,0
0.541365,0.278489,1.40246e-05,0.000790498,1.39697e-05,0.310605,0.0839658,9.38108e-05,5.23101e-05,9.97259e-05
0.605719,0.351533,1.35406e-05,0.000563067,1.34741e-05,0.302868,0.0757153,9.90656e-05,5.53391e-05,0.000104647
1.10701,0.866405,8.20575e-05,0.00391333,7.96792e-05,0.703195,0.473988,0.000416711,0.000510561,0.000690317
0.660382,0.428523,8.02569e-05,0.000756702,0,0.660272,0.434163,0.000415777,0.000432199,0
1.12556,0.012937,1.09338e-05,1.57396e-05,1.12348e-05,1.13398,0.107816,0.000120098,7.26388e-05,0.000123065
1.14187,0.0139035,1.08836e-05,1.52773e-05,1.11801e-05,1.1133,0.0679252,8.98621e-05,4.81646e-05,9.72359e-05
1.34959,0.263601,7.68357e-05,0.000981642,7.11464e-05,1.53256,0.494289,0.000435485,0.000529029,0.000721466
1.34615,0.270363,3.99076e-05,0.000488144,0,1.4592,0.429268,0.000411469,0.000426944,0
2.19018,0.012709,1.07401e-05,1.53903e-05,1.11091e-05,2.14,0.0957393,0.00010507,6.30569e-05,0.000112308
2.21264,0.0136182,1.07557e-05,1.49146e-05,1.09987e-05,2.11699,0.0703081,9.28103e-05,5.02372e-05,9.97589e-05
2.34943,0.184795,3.43612e-05,0.000768407,2.94318e-05,2.50469,0.475367,0.000416853,0.000513756,0.00069695
2.30574,0.18602,1.23953e-05,0.000350924,0,2.45629,0.428311,0.00040827,0.000428275,0
10.4961,0.0122464,1.05021e-05,1.45966e-05,1.07828e-05,10.1319,0.0841847,9.38934e-05,5.18911e-05,0.000100812
10.7121,0.0139603,1.0753e-05,1.55109e-05,1.08759e-05,10.1248,0.0942445,0.000117656,7.23498e-05,0.000125536
10.7673,0.146767,1.5726e-05,0.000657915,1.12339e-05,10.5415,0.485317,0.000423783,0.00052779,0.000718665
10.6267,0.0282681,1.16796e-05,4.35316e-05,0,10.4882,0.44181,0.000419553,0.000443358,0
1.0731,0.548358,1.67876e-05,0.00076927,1.67853e-05,0.629664,0.178199,9.89794e-05,5.71143e-05,0.000104967
1.21709,0.713218,1.24349e-05,0.000572373,1.24119e-05,0.596306,0.143964,9.41925e-05,5.20682e-05,0.000101021
2.58154,2.09319,8.26498e-05,0.00478254,7.8851e-05,1.62793,1.16467,0.000489216,0.000682197,0.000897015
1.5434,1.07522,7.17399e-05,0.000978281,0,1.53964,1.08945,0.000485353,0.000578565,0
2.24585,0.0256128,1.08139e-05,1.55361e-05,1.11658e-05,2.24462,0.173999,9.70304e-05,5.47504e-05,0.000103131
2.23374,0.0276302,1.06276e-05,1.52997e-05,1.09432e-05,2.22668,0.150904,0.000101329,5.42481e-05,0.000104205
2.89402,0.735552,8.43948e-05,0.00146086,7.81348e-05,3.22737,1.16437,0.000489481,0.000680895,0.000897355
2.88857,0.730051,4.47829e-05,0.000668157,0,3.12411,1.07478,0.000476216,0.000573373,0
4.43456,0.0256506,1.09098e-05,1.54542e-05,1.12107e-05,4.27311,0.222543,0.000120362,7.74546e-05,0.000128182
4.29293,0.0267882,1.0449e-05,1.47553e-05,1.0695e-05,4.2408,0.174518,0.000110186,6.62417e-05,0.000117071
4.7272,0.479255,4.5588e-05,0.000990901,4.02519e-05,5.23069,1.16936,0.000489262,0.00068904,0.000906439
4.86671,0.597049,1.26449e-05,0.000570411,0,5.14523,1.08047,0.00047883,0.000576312,0
21.5421,0.0255884,1.08146e-05,1.55837e-05,1.109e-05,20.2419,0.174655,9.69286e-05,5.46067e-05,0.000104258
21.423,0.0273314,1.07943e-05,1.50183e-05,1.08953e-05,20.2056,0.143092,9.41906e-05,5.10149e-05,0.000101914
21.6513,0.410219,1.70926e-05,0.000934434,1.17273e-05,21.2976,1.18898,0.000497283,0.000701173,0.000924146
21.3212,0.0725737,1.188e-05,5.89926e-05,0,21.1495,1.10139,0.000487046,0.000588528,0
